iter,test_error,train_loss,weight_norm
0.0,0.503000020980835,1.0,0.0
1.0,0.2926666736602783,0.8910336494445801,0.14999999105930328
2.0,0.1863333284854889,0.798809289932251,0.23493537306785583
3.0,0.1886666715145111,0.7211938500404358,0.3659611642360687
4.0,0.18433333933353424,0.6504255533218384,0.4704737067222595
5.0,0.19633333384990692,0.5918488502502441,0.6012272238731384
6.0,0.17266666889190674,0.5396877527236938,0.6999515891075134
7.0,0.1756666600704193,0.5004718899726868,0.8117713332176208
8.0,0.16766667366027832,0.4622432589530945,0.9017403721809387
9.0,0.16899999976158142,0.4345909357070923,1.009183406829834
10.0,0.16466666758060455,0.4028033912181854,1.0861536264419556
11.0,0.16599999368190765,0.37992751598358154,1.1866658926010132
12.0,0.16333332657814026,0.35449108481407166,1.2653249502182007
13.0,0.16833333671092987,0.33463460206985474,1.3619418144226074
14.0,0.16099999845027924,0.3122374713420868,1.4467862844467163
15.0,0.16366666555404663,0.2916225790977478,1.5556761026382446
16.0,0.16333332657814026,0.2708060145378113,1.656280755996704
17.0,0.164000004529953,0.2611843943595886,1.742625117301941
18.0,0.1616666615009308,0.24373067915439606,1.8142805099487305
19.0,0.16566666960716248,0.2319025993347168,1.9128618240356445
20.0,0.16033333539962769,0.21766303479671478,1.9886380434036255
21.0,0.164000004529953,0.20761555433273315,2.0824949741363525
22.0,0.16300000250339508,0.1945282518863678,2.162320137023926
23.0,0.16433332860469818,0.18617992103099823,2.2574968338012695
24.0,0.1653333306312561,0.17454099655151367,2.3336737155914307
25.0,0.1666666716337204,0.1686927080154419,2.42059326171875
26.0,0.164000004529953,0.15787211060523987,2.496053695678711
27.0,0.1613333374261856,0.15218190848827362,2.5846686363220215
28.0,0.16566666960716248,0.14324191212654114,2.6538403034210205
29.0,0.16599999368190765,0.137844979763031,2.7387468814849854
30.0,0.16633333265781403,0.13015829026699066,2.8108413219451904
31.0,0.16500000655651093,0.1252753883600235,2.9009571075439453
32.0,0.1666666716337204,0.11845442652702332,2.967012882232666
33.0,0.1693333387374878,0.11415784060955048,3.0513012409210205
34.0,0.1693333387374878,0.10838049650192261,3.1164281368255615
35.0,0.16766667366027832,0.10463394224643707,3.2008118629455566
36.0,0.1679999977350235,0.09883038699626923,3.272287368774414
37.0,0.16466666758060455,0.09516546875238419,3.3570711612701416
38.0,0.16899999976158142,0.08981743454933167,3.4358325004577637
39.0,0.16633333265781403,0.08696538954973221,3.517812728881836
40.0,0.16899999976158142,0.08236929029226303,3.5838727951049805
41.0,0.1666666716337204,0.08000346273183823,3.6629154682159424
42.0,0.1706666648387909,0.07569646835327148,3.7312815189361572
43.0,0.16766667366027832,0.07331869751214981,3.812382221221924
44.0,0.1706666648387909,0.06964031606912613,3.8771069049835205
45.0,0.17033334076404572,0.06826961785554886,3.9468281269073486
46.0,0.17133332788944244,0.0645829290151596,4.008167743682861
47.0,0.1706666648387909,0.0635833889245987,4.0735650062561035
48.0,0.1693333387374878,0.06000843644142151,4.137076377868652
49.0,0.17233332991600037,0.05856679007411003,4.211391448974609
50.0,0.16899999976158142,0.055509548634290695,4.275055885314941
51.0,0.17166666686534882,0.05366315692663193,4.359271049499512
52.0,0.16866666078567505,0.050936028361320496,4.427719593048096
53.0,0.16899999976158142,0.04935823380947113,4.513849258422852
54.0,0.17000000178813934,0.04723622277379036,4.564059257507324
55.0,0.17166666686534882,0.04621606320142746,4.637561798095703
56.0,0.16966666281223297,0.043809980154037476,4.698190689086914
57.0,0.17299999296665192,0.04286597669124603,4.773280143737793
58.0,0.17000000178813934,0.04072880744934082,4.829448699951172
59.0,0.17000000178813934,0.0391315259039402,4.92543888092041
60.0,0.17100000381469727,0.0372353196144104,4.993127346038818
61.0,0.1693333387374878,0.03627384081482887,5.0642900466918945
62.0,0.17166666686534882,0.03442816436290741,5.134548664093018
63.0,0.17299999296665192,0.034016113728284836,5.2021403312683105
64.0,0.17100000381469727,0.032159291207790375,5.258301258087158
65.0,0.17266666889190674,0.03142661973834038,5.331456184387207
66.0,0.17100000381469727,0.02988407202064991,5.392810821533203
67.0,0.17299999296665192,0.029446888715028763,5.456277370452881
68.0,0.1720000058412552,0.027965275570750237,5.515420913696289
69.0,0.1720000058412552,0.027655277401208878,5.58607816696167
70.0,0.17133332788944244,0.026034969836473465,5.645466327667236
71.0,0.17366667091846466,0.025622207671403885,5.713881015777588
72.0,0.17266666889190674,0.024294130504131317,5.773792743682861
73.0,0.1720000058412552,0.023772679269313812,5.846488952636719
74.0,0.17266666889190674,0.022690165787935257,5.899246692657471
75.0,0.17166666686534882,0.022152744233608246,5.973337173461914
76.0,0.17366667091846466,0.021013734862208366,6.0422773361206055
77.0,0.17100000381469727,0.020645659416913986,6.108088493347168
78.0,0.17366667091846466,0.019575664773583412,6.174102306365967
79.0,0.17266666889190674,0.01902383379638195,6.250709056854248
80.0,0.17399999499320984,0.018139192834496498,6.316468238830566
81.0,0.17399999499320984,0.017829373478889465,6.381545066833496
82.0,0.17299999296665192,0.0169268399477005,6.444234848022461
83.0,0.17366667091846466,0.016786057502031326,6.510581016540527
84.0,0.1733333319425583,0.01597512513399124,6.553221225738525
85.0,0.17466667294502258,0.015710005536675453,6.626860618591309
86.0,0.17366667091846466,0.014895766973495483,6.683351039886475
87.0,0.17266666889190674,0.014771628193557262,6.7453179359436035
88.0,0.17466667294502258,0.014001083560287952,6.799726486206055
89.0,0.1720000058412552,0.013775353319942951,6.866539478302002
90.0,0.17499999701976776,0.01311657764017582,6.923208236694336
91.0,0.1743333339691162,0.012935812585055828,6.9905171394348145
92.0,0.17466667294502258,0.012290197424590588,7.045485496520996
93.0,0.17366667091846466,0.012109632603824139,7.110769748687744
94.0,0.17499999701976776,0.011518988758325577,7.169436454772949
95.0,0.1733333319425583,0.011332478374242783,7.229989528656006
96.0,0.17533333599567413,0.010768108069896698,7.295759677886963
97.0,0.17533333599567413,0.010514220222830772,7.368555068969727
98.0,0.17533333599567413,0.010011691600084305,7.433165073394775
99.0,0.17633333802223206,0.009845713153481483,7.508917331695557
100.0,0.17599999904632568,0.009373631328344345,7.557465076446533
101.0,0.17633333802223206,0.009291852824389935,7.618462562561035
102.0,0.17599999904632568,0.008829928003251553,7.670503616333008
103.0,0.17399999499320984,0.008752625435590744,7.731420040130615
104.0,0.17666666209697723,0.008349896408617496,7.777933120727539
105.0,0.17633333802223206,0.008164030499756336,7.862209796905518
106.0,0.1756666600704193,0.007747058756649494,7.920437812805176
107.0,0.17599999904632568,0.00761845288798213,7.9903435707092285
108.0,0.17633333802223206,0.007248594891279936,8.046479225158691
109.0,0.1756666600704193,0.007192946504801512,8.107887268066406
110.0,0.17633333802223206,0.0068261893466115,8.161528587341309
111.0,0.17666666209697723,0.006803884636610746,8.221515655517578
112.0,0.17733334004878998,0.00643143942579627,8.275803565979004
113.0,0.1783333271741867,0.006356147117912769,8.333606719970703
114.0,0.17733334004878998,0.006016421131789684,8.403483390808105
115.0,0.17533333599567413,0.005981980357319117,8.463274955749512
116.0,0.17800000309944153,0.005669758189469576,8.516785621643066
117.0,0.17733334004878998,0.005653697066009045,8.570262908935547
118.0,0.17800000309944153,0.00535204354673624,8.627869606018066
119.0,0.17900000512599945,0.005244642496109009,8.707952499389648
120.0,0.1783333271741867,0.005011480301618576,8.75379467010498
121.0,0.17733334004878998,0.004933262709528208,8.818281173706055
122.0,0.17800000309944153,0.004701909143477678,8.876575469970703
123.0,0.17733334004878998,0.004594217054545879,8.948793411254883
124.0,0.1783333271741867,0.004377963021397591,9.013278007507324
125.0,0.17866666615009308,0.004308016505092382,9.078347206115723
126.0,0.1783333271741867,0.0041146413423120975,9.13283634185791
127.0,0.17866666615009308,0.004036498721688986,9.207406997680664
128.0,0.17866666615009308,0.003847292624413967,9.26228141784668
129.0,0.17800000309944153,0.003787108464166522,9.329472541809082
130.0,0.17866666615009308,0.003600836731493473,9.39057445526123
131.0,0.1783333271741867,0.003529548877850175,9.470521926879883
132.0,0.17900000512599945,0.0033672458957880735,9.519854545593262
133.0,0.17766666412353516,0.0033330535516142845,9.577539443969727
134.0,0.17933332920074463,0.003166582901030779,9.638358116149902
135.0,0.17933332920074463,0.0031450397800654173,9.703094482421875
136.0,0.17900000512599945,0.0029850732535123825,9.752676010131836
137.0,0.17766666412353516,0.0029501738026738167,9.814387321472168
138.0,0.17933332920074463,0.0027983421459794044,9.877791404724121
139.0,0.17733334004878998,0.0027586384676396847,9.940653800964355
140.0,0.179666668176651,0.0026280549354851246,9.998703002929688
141.0,0.1783333271741867,0.002604055916890502,10.056082725524902
142.0,0.18000000715255737,0.002470519859343767,10.120230674743652
143.0,0.179666668176651,0.0024492614902555943,10.179512977600098
144.0,0.17900000512599945,0.002312309108674526,10.247008323669434
145.0,0.18033333122730255,0.0022857484873384237,10.310552597045898
146.0,0.17900000512599945,0.0021894248202443123,10.354019165039062
147.0,0.17733334004878998,0.002175920410081744,10.405946731567383
148.0,0.17900000512599945,0.002067988971248269,10.46395492553711
149.0,0.17933332920074463,0.0020602322183549404,10.523138999938965
150.0,0.17900000512599945,0.0019601481035351753,10.568277359008789
151.0,0.17900000512599945,0.0019449893152341247,10.634157180786133
152.0,0.18000000715255737,0.0018415021477267146,10.688767433166504
153.0,0.17866666615009308,0.0018385490402579308,10.744476318359375
154.0,0.18033333122730255,0.001738424994982779,10.801590919494629
155.0,0.17866666615009308,0.0017179555725306273,10.857755661010742
156.0,0.18066667020320892,0.0016316822730004787,10.924956321716309
157.0,0.18033333122730255,0.0016112311277538538,10.988591194152832
158.0,0.18000000715255737,0.0015365072758868337,11.041646957397461
159.0,0.17800000309944153,0.0015250813448801637,11.09872055053711
160.0,0.18000000715255737,0.0014535838272422552,11.151598930358887
161.0,0.18033333122730255,0.0014300004113465548,11.214580535888672
162.0,0.18033333122730255,0.0013655925868079066,11.272542953491211
163.0,0.17900000512599945,0.001354155596345663,11.333823204040527
164.0,0.18000000715255737,0.0012834969675168395,11.392533302307129
165.0,0.18000000715255737,0.0012785844737663865,11.446459770202637
166.0,0.18066667020320892,0.0012142806081101298,11.501014709472656
167.0,0.18000000715255737,0.0011953071225434542,11.563974380493164
168.0,0.179666668176651,0.0011392348678782582,11.625351905822754
169.0,0.17933332920074463,0.0011313691502436996,11.687506675720215
170.0,0.18033333122730255,0.0010782383615151048,11.73361587524414
171.0,0.18033333122730255,0.0010742107406258583,11.791709899902344
172.0,0.18000000715255737,0.0010231417836621404,11.836430549621582
173.0,0.18066667020320892,0.0010245232842862606,11.892062187194824
174.0,0.18033333122730255,0.00097083137370646,11.938518524169922
175.0,0.18066667020320892,0.0009785612346604466,11.992609977722168
176.0,0.18066667020320892,0.0009221649379469454,12.038654327392578
177.0,0.18133333325386047,0.0009186270763166249,12.104805946350098
178.0,0.18066667020320892,0.0008724485523998737,12.147326469421387
179.0,0.18033333122730255,0.0008730361005291343,12.199308395385742
180.0,0.18166667222976685,0.0008280775509774685,12.2495756149292
181.0,0.17900000512599945,0.0008256738074123859,12.303496360778809
182.0,0.18066667020320892,0.0007819986203685403,12.361468315124512
183.0,0.18199999630451202,0.0007745168404653668,12.430047035217285
184.0,0.18133333325386047,0.0007349376101046801,12.483601570129395
185.0,0.1783333271741867,0.0007253445801325142,12.545565605163574
186.0,0.18066667020320892,0.000692053756210953,12.601707458496094
187.0,0.18066667020320892,0.0006908975774422288,12.657388687133789
188.0,0.1809999942779541,0.0006559035391546786,12.707401275634766
189.0,0.18000000715255737,0.000646372209303081,12.775079727172852
190.0,0.18133333325386047,0.0006190160638652742,12.820889472961426
191.0,0.17866666615009308,0.0006046411581337452,12.895156860351562
192.0,0.18166667222976685,0.00058065663324669,12.948497772216797
193.0,0.18133333325386047,0.0005729480180889368,13.019984245300293
194.0,0.18133333325386047,0.0005468560848385096,13.064416885375977
195.0,0.179666668176651,0.0005446338327601552,13.12777328491211
196.0,0.18133333325386047,0.0005168140050955117,13.175024032592773
197.0,0.18166667222976685,0.0005093805957585573,13.24174976348877
198.0,0.18066667020320892,0.00048589531797915697,13.297053337097168
199.0,0.18166667222976685,0.0004829239915125072,13.352673530578613
200.0,0.18066667020320892,0.0004580872191581875,13.413161277770996
201.0,0.18133333325386047,0.00044497911585494876,13.500679969787598
202.0,0.18133333325386047,0.0004276958934497088,13.547342300415039
203.0,0.18166667222976685,0.00042968764319084585,13.59860897064209
204.0,0.18166667222976685,0.00040762004209682345,13.641865730285645
205.0,0.1809999942779541,0.0004091671435162425,13.688305854797363
206.0,0.18133333325386047,0.0003867194755002856,13.745084762573242
207.0,0.18133333325386047,0.00038736488204449415,13.797929763793945
208.0,0.18199999630451202,0.00036660826299339533,13.85108757019043
209.0,0.18166667222976685,0.0003599072224460542,13.917078971862793
210.0,0.18199999630451202,0.0003425015602260828,13.984199523925781
211.0,0.18166667222976685,0.00034247367875650525,14.034335136413574
212.0,0.18166667222976685,0.0003246254054829478,14.090853691101074
213.0,0.18333333730697632,0.00031987857073545456,14.16141414642334
214.0,0.18199999630451202,0.0003060644958168268,14.206267356872559
215.0,0.18066667020320892,0.0003029486979357898,14.263128280639648
216.0,0.18199999630451202,0.000287859293166548,14.326807975769043
217.0,0.1809999942779541,0.0002839162480086088,14.392878532409668
218.0,0.1823333352804184,0.0002715154259931296,14.443635940551758
219.0,0.18299999833106995,0.0002688008244149387,14.510608673095703
220.0,0.18133333325386047,0.0002554102102294564,14.562854766845703
221.0,0.18000000715255737,0.00025532112340442836,14.618847846984863
222.0,0.18166667222976685,0.00024184763606172055,14.671704292297363
223.0,0.1823333352804184,0.00023997567768674344,14.723611831665039
224.0,0.18166667222976685,0.00022865686332806945,14.78191089630127
225.0,0.18266665935516357,0.00022725223971065134,14.839105606079102
226.0,0.18133333325386047,0.00021630717674270272,14.891554832458496
227.0,0.18066667020320892,0.00021643583022523671,14.94719409942627
228.0,0.18199999630451202,0.00020530802430585027,14.994353294372559
229.0,0.18166667222976685,0.0002022313274210319,15.060325622558594
230.0,0.18166667222976685,0.00019348820205777884,15.112930297851562
231.0,0.1823333352804184,0.00019241237896494567,15.173513412475586
232.0,0.18133333325386047,0.00018200845806859434,15.232697486877441
233.0,0.18400000035762787,0.00018047180492430925,15.297710418701172
234.0,0.18166667222976685,0.0001726233895169571,15.33703899383545
235.0,0.18299999833106995,0.00017136993119493127,15.400111198425293
236.0,0.18166667222976685,0.00016262508870568126,15.45518970489502
237.0,0.1823333352804184,0.00015925828483887017,15.536577224731445
238.0,0.18133333325386047,0.00015276447811629623,15.57993221282959
239.0,0.1823333352804184,0.0001523658138466999,15.636862754821777
240.0,0.1823333352804184,0.00014490382454823703,15.682770729064941
241.0,0.1809999942779541,0.00014189121429808438,15.760355949401855
242.0,0.18199999630451202,0.00013630416651722044,15.803414344787598
243.0,0.18333333730697632,0.00013417402806226164,15.874096870422363
244.0,0.18133333325386047,0.00012824097939301282,15.924540519714355
245.0,0.1823333352804184,0.00012743062688969076,15.98563003540039
246.0,0.18133333325386047,0.00012151480041211471,16.03150749206543
247.0,0.18199999630451202,0.00012028699711663648,16.095626831054688
248.0,0.18133333325386047,0.00011495917715365067,16.142559051513672
249.0,0.1809999942779541,0.00011429580627009273,16.206911087036133
250.0,0.18133333325386047,0.00010813066910486668,16.26237678527832
251.0,0.18199999630451202,0.00010737450793385506,16.324312210083008
252.0,0.18133333325386047,0.00010199764074059203,16.378313064575195
253.0,0.1809999942779541,0.00010279410344082862,16.431941986083984
254.0,0.18133333325386047,9.698072244646028e-05,16.478530883789062
255.0,0.18199999630451202,9.599342592991889e-05,16.539236068725586
256.0,0.18133333325386047,9.190220589516684e-05,16.586078643798828
257.0,0.1823333352804184,9.107797086471692e-05,16.64520263671875
258.0,0.18166667222976685,8.692370465723798e-05,16.696203231811523
259.0,0.18333333730697632,8.607406925875694e-05,16.749835968017578
260.0,0.18166667222976685,8.183473983081058e-05,16.815196990966797
261.0,0.18133333325386047,8.15240855445154e-05,16.867467880249023
262.0,0.18199999630451202,7.77530949562788e-05,16.91682243347168
263.0,0.18166667222976685,7.639653631485999e-05,16.984302520751953
264.0,0.18166667222976685,7.352859392995015e-05,17.02947425842285
265.0,0.18333333730697632,7.339358853641897e-05,17.086008071899414
266.0,0.18166667222976685,6.968259549466893e-05,17.134145736694336
267.0,0.1809999942779541,6.890758231747895e-05,17.19407844543457
268.0,0.18133333325386047,6.599190237466246e-05,17.240928649902344
269.0,0.18299999833106995,6.548296369146556e-05,17.30059814453125
270.0,0.18133333325386047,6.253711035242304e-05,17.34858512878418
271.0,0.18299999833106995,6.22920342721045e-05,17.4027156829834
272.0,0.18166667222976685,5.919897012063302e-05,17.456174850463867
273.0,0.1823333352804184,5.880079334019683e-05,17.51852035522461
274.0,0.18199999630451202,5.594746835413389e-05,17.56941795349121
275.0,0.18199999630451202,5.528320980374701e-05,17.640207290649414
276.0,0.18166667222976685,5.2628944104071707e-05,17.690887451171875
277.0,0.18166667222976685,5.25240866409149e-05,17.750810623168945
278.0,0.18199999630451202,5.011950997868553e-05,17.78887939453125
279.0,0.18299999833106995,4.991012974642217e-05,17.850677490234375
280.0,0.18199999630451202,4.7360939788632095e-05,17.899879455566406
281.0,0.1836666613817215,4.6486511564580724e-05,17.969009399414062
282.0,0.18199999630451202,4.4350432290229946e-05,18.03030776977539
283.0,0.1823333352804184,4.333794640842825e-05,18.098953247070312
284.0,0.1823333352804184,4.152191831963137e-05,18.1612606048584
285.0,0.1823333352804184,4.133641778025776e-05,18.221715927124023
286.0,0.1823333352804184,3.946503056795336e-05,18.263219833374023
287.0,0.18299999833106995,3.936784196412191e-05,18.32203483581543
288.0,0.1823333352804184,3.7204026739345863e-05,18.37799835205078
289.0,0.18333333730697632,3.754110730369575e-05,18.42255401611328
290.0,0.1823333352804184,3.536530493875034e-05,18.478803634643555
291.0,0.18166667222976685,3.523817576933652e-05,18.542396545410156
292.0,0.1823333352804184,3.351735358592123e-05,18.586362838745117
293.0,0.18299999833106995,3.303572884760797e-05,18.65876579284668
294.0,0.18199999630451202,3.15308861900121e-05,18.707326889038086
295.0,0.18333333730697632,3.0811970646027476e-05,18.78420066833496
296.0,0.18199999630451202,2.9560304028564133e-05,18.83739471435547
297.0,0.1823333352804184,2.9345233997446485e-05,18.89302635192871
298.0,0.18266665935516357,2.7856593078467995e-05,18.953365325927734
299.0,0.18333333730697632,2.796407170535531e-05,19.006141662597656
300.0,0.18299999833106995,2.640143247845117e-05,19.059232711791992
301.0,0.1823333352804184,2.6227055059280246e-05,19.121788024902344
302.0,0.18266665935516357,2.504250551282894e-05,19.167755126953125
303.0,0.18266665935516357,2.49875447480008e-05,19.2258243560791
304.0,0.1823333352804184,2.3575099476147443e-05,19.28562355041504
305.0,0.18266665935516357,2.351286639168393e-05,19.34592056274414
306.0,0.1823333352804184,2.237513217551168e-05,19.390512466430664
307.0,0.18199999630451202,2.2239137251744978e-05,19.445728302001953
308.0,0.1823333352804184,2.1269481294439174e-05,19.493894577026367
309.0,0.18199999630451202,2.1330564777599648e-05,19.539161682128906
310.0,0.1823333352804184,2.0271567336749285e-05,19.58837127685547
311.0,0.18166667222976685,2.021766522375401e-05,19.639205932617188
312.0,0.18266665935516357,1.9175962734152563e-05,19.694978713989258
313.0,0.1823333352804184,1.9178040020051412e-05,19.75541114807129
314.0,0.1823333352804184,1.8190765331382863e-05,19.801603317260742
315.0,0.1809999942779541,1.805439569579903e-05,19.862323760986328
316.0,0.1823333352804184,1.7256590581382625e-05,19.908222198486328
317.0,0.18266665935516357,1.7230480807484128e-05,19.963672637939453
318.0,0.18199999630451202,1.6409145246143453e-05,20.007993698120117
319.0,0.18433333933353424,1.639657602936495e-05,20.06723403930664
320.0,0.18199999630451202,1.5554805941064842e-05,20.111318588256836
321.0,0.18299999833106995,1.5420358977280557e-05,20.167083740234375
322.0,0.18199999630451202,1.4670132259197999e-05,20.227767944335938
323.0,0.18199999630451202,1.4587430086976383e-05,20.29020881652832
324.0,0.1823333352804184,1.3905052583140787e-05,20.33465576171875
325.0,0.18199999630451202,1.3854785720468499e-05,20.393272399902344
326.0,0.1823333352804184,1.3180420864955522e-05,20.44049835205078
327.0,0.18199999630451202,1.3071425200905651e-05,20.498401641845703
328.0,0.1823333352804184,1.2491964298533276e-05,20.5499210357666
329.0,0.18299999833106995,1.2410434464982245e-05,20.597185134887695
330.0,0.18199999630451202,1.1703186828526668e-05,20.678569793701172
331.0,0.18266665935516357,1.165763933386188e-05,20.73595428466797
332.0,0.18199999630451202,1.108863580157049e-05,20.78464126586914
333.0,0.1823333352804184,1.0946067959594075e-05,20.8458194732666
334.0,0.18266665935516357,1.0473587281012442e-05,20.899242401123047
335.0,0.18299999833106995,1.0407753507024609e-05,20.955324172973633
336.0,0.1823333352804184,9.934298759617377e-06,21.0052433013916
337.0,0.18166667222976685,1.009465086099226e-05,21.056663513183594
338.0,0.1823333352804184,9.497262908553239e-06,21.093664169311523
339.0,0.18266665935516357,9.561278602632228e-06,21.146472930908203
340.0,0.1823333352804184,9.022528502100613e-06,21.195863723754883
341.0,0.18266665935516357,8.865965355653316e-06,21.267032623291016
342.0,0.1823333352804184,8.514360160916112e-06,21.31385040283203
343.0,0.1809999942779541,8.396666089538485e-06,21.373750686645508
344.0,0.1823333352804184,8.032701771298889e-06,21.428936004638672
345.0,0.18333333730697632,7.993301551323384e-06,21.483261108398438
346.0,0.1823333352804184,7.617340088472702e-06,21.53310203552246
347.0,0.1836666613817215,7.50870322008268e-06,21.602174758911133
348.0,0.18199999630451202,7.187320534285391e-06,21.649425506591797
349.0,0.18266665935516357,7.109646048775176e-06,21.7085018157959
350.0,0.1823333352804184,6.769970696041128e-06,21.767127990722656
351.0,0.18266665935516357,6.757129540346796e-06,21.821382522583008
352.0,0.18266665935516357,6.4456166910531465e-06,21.86581802368164
353.0,0.1823333352804184,6.450577075156616e-06,21.921804428100586
354.0,0.18266665935516357,6.098312496760627e-06,21.97469139099121
355.0,0.18266665935516357,5.9934682212769985e-06,22.040969848632812
356.0,0.18299999833106995,5.727369170926977e-06,22.099506378173828
357.0,0.18266665935516357,5.666571723850211e-06,22.161785125732422
358.0,0.18266665935516357,5.401690941653214e-06,22.215614318847656
359.0,0.18299999833106995,5.346341822587419e-06,22.27968406677246
360.0,0.18299999833106995,5.092123956274008e-06,22.332839965820312
361.0,0.1823333352804184,5.150799552211538e-06,22.378034591674805
362.0,0.18299999833106995,4.853391601500334e-06,22.430448532104492
363.0,0.18266665935516357,4.818164597963914e-06,22.48671531677246
364.0,0.18299999833106995,4.613892997440416e-06,22.53303337097168
365.0,0.18299999833106995,4.605708454619162e-06,22.577049255371094
366.0,0.18266665935516357,4.3864706640306395e-06,22.632295608520508
367.0,0.18400000035762787,4.326874204707565e-06,22.696800231933594
368.0,0.18299999833106995,4.149517280893633e-06,22.745929718017578
369.0,0.18266665935516357,4.103794708498754e-06,22.800952911376953
370.0,0.18333333730697632,3.913023192581022e-06,22.86054229736328
371.0,0.18400000035762787,3.878228653775295e-06,22.9117374420166
372.0,0.18333333730697632,3.701103878483991e-06,22.970645904541016
373.0,0.18299999833106995,3.706865754793398e-06,23.02771759033203
374.0,0.18333333730697632,3.4920149118988775e-06,23.084556579589844
375.0,0.1823333352804184,3.498927753753378e-06,23.132612228393555
376.0,0.18299999833106995,3.31464480041177e-06,23.188804626464844
377.0,0.18266665935516357,3.266444764449261e-06,23.259416580200195
378.0,0.18266665935516357,3.1245538139046403e-06,23.305992126464844
379.0,0.18299999833106995,3.101388074355782e-06,23.369205474853516
380.0,0.18266665935516357,2.9528321192628937e-06,23.4190673828125
381.0,0.18299999833106995,2.919403868872905e-06,23.48008155822754
382.0,0.18299999833106995,2.7920762022404233e-06,23.53107261657715
383.0,0.1823333352804184,2.761371433734894e-06,23.60458755493164
384.0,0.18299999833106995,2.63819038082147e-06,23.64508628845215
385.0,0.18299999833106995,2.6290911137039075e-06,23.704914093017578
386.0,0.18299999833106995,2.50284301728243e-06,23.749475479125977
387.0,0.18133333325386047,2.5120648388110567e-06,23.80820083618164
388.0,0.18266665935516357,2.37735798691574e-06,23.852134704589844
389.0,0.18400000035762787,2.3741426957712974e-06,23.909772872924805
390.0,0.1823333352804184,2.2503879790747305e-06,23.960460662841797
391.0,0.1823333352804184,2.279179852848756e-06,24.002819061279297
392.0,0.18266665935516357,2.148786961697624e-06,24.05259132385254
393.0,0.18266665935516357,2.1209584701864514e-06,24.12561798095703
394.0,0.18266665935516357,2.0338891317805974e-06,24.163766860961914
395.0,0.18266665935516357,2.0278091596992454e-06,24.227928161621094
396.0,0.18199999630451202,1.92450306712999e-06,24.274364471435547
397.0,0.1823333352804184,1.9355570657353383e-06,24.33148956298828
398.0,0.1823333352804184,1.82655776370666e-06,24.378692626953125
399.0,0.18266665935516357,1.8041640714727691e-06,24.44947052001953
400.0,0.18266665935516357,1.730137682898203e-06,24.487253189086914
401.0,0.18199999630451202,1.7329008414890268e-06,24.539230346679688
402.0,0.1823333352804184,1.6486042113683652e-06,24.58342933654785
403.0,0.18266665935516357,1.611592324479716e-06,24.66002655029297
404.0,0.18266665935516357,1.5502214409934822e-06,24.705615997314453
405.0,0.1823333352804184,1.5502624819418998e-06,24.75809669494629
406.0,0.18266665935516357,1.4736011735294596e-06,24.8077392578125
407.0,0.1823333352804184,1.4704730801895494e-06,24.85451889038086
408.0,0.1823333352804184,1.3918552212999202e-06,24.919252395629883
409.0,0.18266665935516357,1.3777280400972813e-06,24.97828483581543
410.0,0.1823333352804184,1.3176332913644728e-06,25.030576705932617
411.0,0.18400000035762787,1.3292343510329374e-06,25.089881896972656
412.0,0.18299999833106995,1.250833065569168e-06,25.13309097290039
413.0,0.18166667222976685,1.255186816706555e-06,25.18064308166504
414.0,0.18299999833106995,1.1930872005905258e-06,25.228012084960938
415.0,0.18133333325386047,1.2023433555441443e-06,25.274761199951172
416.0,0.1823333352804184,1.1324752904329216e-06,25.33072280883789
417.0,0.18199999630451202,1.1311914249745314e-06,25.393028259277344
418.0,0.18266665935516357,1.0734420357039198e-06,25.437101364135742
419.0,0.1823333352804184,1.0706103239499498e-06,25.495546340942383
420.0,0.1823333352804184,1.0166420452151215e-06,25.547529220581055
421.0,0.18166667222976685,1.009616880764952e-06,25.60329246520996
422.0,0.18299999833106995,9.623413461667951e-07,25.65497398376465
423.0,0.1823333352804184,9.623172445571981e-07,25.706798553466797
424.0,0.18299999833106995,9.124239568336634e-07,25.763193130493164
425.0,0.1823333352804184,8.97628467555478e-07,25.83938217163086
426.0,0.18266665935516357,8.612511237515719e-07,25.87775421142578
427.0,0.18333333730697632,8.606443770986516e-07,25.930173873901367
428.0,0.1823333352804184,8.162736548911198e-07,25.984317779541016
429.0,0.18266665935516357,8.107880375973764e-07,26.0416202545166
430.0,0.18299999833106995,7.700028845647466e-07,26.100950241088867
431.0,0.18199999630451202,7.699556476836733e-07,26.163347244262695
432.0,0.18266665935516357,7.28630425328447e-07,26.209190368652344
433.0,0.18299999833106995,7.279041369656625e-07,26.269380569458008
434.0,0.1823333352804184,6.939117724868993e-07,26.30908203125
435.0,0.18166667222976685,6.981253477533755e-07,26.364484786987305
436.0,0.18299999833106995,6.592360364265915e-07,26.41000747680664
437.0,0.18166667222976685,6.510064167741803e-07,26.47983741760254
438.0,0.18299999833106995,6.220064960871241e-07,26.528345108032227
439.0,0.18166667222976685,6.198133633006364e-07,26.575960159301758
440.0,0.1823333352804184,5.846010253662826e-07,26.651634216308594
441.0,0.18266665935516357,5.87652664307825e-07,26.720247268676758
442.0,0.18166667222976685,5.553753226195113e-07,26.752553939819336
443.0,0.18166667222976685,5.556808559958881e-07,26.80760383605957
444.0,0.18199999630451202,5.267435199129977e-07,26.861146926879883
445.0,0.18199999630451202,5.184822384762811e-07,26.93076515197754
446.0,0.1809999942779541,4.957460078003351e-07,26.97858428955078
447.0,0.18166667222976685,4.846955334869563e-07,27.05587387084961
448.0,0.18133333325386047,4.665673145609617e-07,27.101760864257812
449.0,0.18166667222976685,4.624671134934033e-07,27.158279418945312
450.0,0.1809999942779541,4.406412017488037e-07,27.21481704711914
451.0,0.18199999630451202,4.4050568703823956e-07,27.272716522216797
452.0,0.1809999942779541,4.179805443982332e-07,27.318387985229492
453.0,0.18166667222976685,4.20707777948337e-07,27.37105941772461
454.0,0.1809999942779541,3.9911026306072017e-07,27.411287307739258
455.0,0.18133333325386047,3.9848822552812635e-07,27.463274002075195
456.0,0.18166667222976685,3.7788586837450566e-07,27.520938873291016
457.0,0.18299999833106995,3.684368437006924e-07,27.601099014282227
458.0,0.18133333325386047,3.550421752152033e-07,27.64677619934082
459.0,0.18166667222976685,3.5125916042488825e-07,27.705463409423828
460.0,0.1809999942779541,3.333181268772023e-07,27.771739959716797
461.0,0.18066667020320892,3.3339051697112154e-07,27.819843292236328
462.0,0.1809999942779541,3.169560898186319e-07,27.873090744018555
463.0,0.18199999630451202,3.187203390098148e-07,27.9292049407959
464.0,0.18033333122730255,3.012412719272106e-07,27.973581314086914
465.0,0.18066667020320892,2.9999623052390234e-07,28.035900115966797
466.0,0.18033333122730255,2.8500295456979075e-07,28.083330154418945
467.0,0.18199999630451202,2.8147277930656855e-07,28.149818420410156
468.0,0.18066667020320892,2.6852333689930674e-07,28.201608657836914
469.0,0.18133333325386047,2.699792389648792e-07,28.252565383911133
470.0,0.18066667020320892,2.562723295795877e-07,28.296483993530273
471.0,0.18166667222976685,2.5525017122163263e-07,28.348249435424805
472.0,0.18066667020320892,2.414650737136981e-07,28.414432525634766
473.0,0.18199999630451202,2.406227679330186e-07,28.47845458984375
474.0,0.18066667020320892,2.2843272518002777e-07,28.52535057067871
475.0,0.1823333352804184,2.2695226675750746e-07,28.58903694152832
476.0,0.18066667020320892,2.168314807704519e-07,28.630630493164062
477.0,0.18066667020320892,2.1710741293645697e-07,28.67192268371582
478.0,0.18066667020320892,2.0567424030559778e-07,28.73633575439453
479.0,0.18199999630451202,2.0405558132097212e-07,28.796419143676758
480.0,0.18066667020320892,1.9444313181793405e-07,28.847843170166016
481.0,0.18066667020320892,1.9287890040686761e-07,28.907215118408203
482.0,0.1809999942779541,1.8367936149843445e-07,28.960163116455078
483.0,0.18199999630451202,1.8370369048170687e-07,29.016874313354492
484.0,0.18066667020320892,1.745764137695005e-07,29.063434600830078
485.0,0.18066667020320892,1.7492969561772043e-07,29.115234375
486.0,0.18066667020320892,1.6603870278686372e-07,29.163711547851562
487.0,0.18299999833106995,1.6660749224683968e-07,29.22626304626465
488.0,0.1809999942779541,1.573940977550592e-07,29.268901824951172
489.0,0.1809999942779541,1.5768748085065454e-07,29.321413040161133
490.0,0.18133333325386047,1.488731129484222e-07,29.381153106689453
491.0,0.1823333352804184,1.482482900883042e-07,29.442123413085938
492.0,0.1809999942779541,1.41146315968399e-07,29.489099502563477
493.0,0.1823333352804184,1.3829020417688298e-07,29.563228607177734
494.0,0.18066667020320892,1.3297552925450873e-07,29.605609893798828
495.0,0.18199999630451202,1.3157006151232054e-07,29.66584587097168
496.0,0.18133333325386047,1.2584983721808385e-07,29.715229034423828
497.0,0.18033333122730255,1.2464565202208178e-07,29.780668258666992
498.0,0.18133333325386047,1.1873569860654243e-07,29.832128524780273
499.0,0.1823333352804184,1.1934888277664868e-07,29.88538360595703
500.0,0.18133333325386047,1.1315464831795907e-07,29.928598403930664
