iter,train_loss,weight_norm
0.0,1.0404843091964722,7.071067810058594
1.0,0.829474925994873,8.21811294555664
2.0,0.7196081280708313,9.929161071777344
3.0,0.6929190754890442,12.835205078125
4.0,0.6243371963500977,13.737931251525879
5.0,0.5896382331848145,16.328691482543945
6.0,0.5355811715126038,18.07374382019043
7.0,0.5049682259559631,20.902376174926758
8.0,0.45174965262413025,23.081663131713867
9.0,0.3850323259830475,27.7091007232666
10.0,0.39231935143470764,30.579038619995117
11.0,0.34859204292297363,31.8551082611084
12.0,0.3375653624534607,33.9249267578125
13.0,0.3036581873893738,36.76399612426758
14.0,0.27322641015052795,40.18063735961914
15.0,0.2930780053138733,43.40176773071289
16.0,0.24855069816112518,44.17169952392578
17.0,0.2627849280834198,46.66783905029297
18.0,0.22971081733703613,47.62818908691406
19.0,0.2866308093070984,49.75355911254883
20.0,0.21625903248786926,50.179542541503906
21.0,0.2167278230190277,52.76799011230469
22.0,0.20050446689128876,54.60966873168945
23.0,0.19894489645957947,57.04364776611328
24.0,0.18448105454444885,58.12128448486328
25.0,0.19285078346729279,59.79629898071289
26.0,0.17516733705997467,60.768890380859375
27.0,0.18550482392311096,63.849491119384766
28.0,0.1645614057779312,64.63204193115234
29.0,0.1971057653427124,66.92781829833984
30.0,0.15201860666275024,67.29450225830078
31.0,0.16061948239803314,69.58122253417969
32.0,0.14494973421096802,70.40896606445312
33.0,0.16976122558116913,72.64117431640625
34.0,0.13708174228668213,73.0142822265625
35.0,0.15943500399589539,74.80223083496094
36.0,0.1315389722585678,75.2442626953125
37.0,0.14955708384513855,77.02432250976562
38.0,0.12675897777080536,77.52412414550781
39.0,0.13018621504306793,79.88539123535156
40.0,0.12099692970514297,80.72999572753906
41.0,0.12176923453807831,83.13206481933594
42.0,0.11642547696828842,83.95462036132812
43.0,0.11862500011920929,85.63121032714844
44.0,0.1124366968870163,87.67720031738281
45.0,0.10985589027404785,91.18831634521484
46.0,0.10309207439422607,92.18318176269531
47.0,0.09648720920085907,95.11119842529297
48.0,0.09798692166805267,97.32137298583984
49.0,0.11972753703594208,99.35149383544922
50.0,0.09032032638788223,99.61177825927734
51.0,0.09614106267690659,101.89266967773438
52.0,0.086812824010849,102.63505554199219
53.0,0.09114564955234528,104.02532196044922
54.0,0.0831405371427536,105.48189544677734
55.0,0.09554494917392731,106.70268249511719
56.0,0.08007582277059555,107.2103042602539
57.0,0.09220615774393082,108.51742553710938
58.0,0.07813113927841187,109.014892578125
59.0,0.09344593435525894,110.10667419433594
60.0,0.07699182629585266,110.5158462524414
61.0,0.08033760637044907,111.69725036621094
62.0,0.07628794014453888,112.65462493896484
63.0,0.08638425171375275,115.92675018310547
64.0,0.07087011635303497,116.37767791748047
65.0,0.08099906891584396,118.71562957763672
66.0,0.06928609311580658,119.20672607421875
67.0,0.06884995847940445,120.63956451416016
68.0,0.0682646632194519,121.64457702636719
69.0,0.07439373433589935,123.41627502441406
70.0,0.06513698399066925,124.38396453857422
71.0,0.06721118837594986,125.77430725097656
72.0,0.06411855667829514,126.5188980102539
73.0,0.06555507332086563,127.34017944335938
74.0,0.06298813223838806,128.03424072265625
75.0,0.06262975931167603,129.4962615966797
76.0,0.062461622059345245,130.4741973876953
77.0,0.06015770509839058,131.48403930664062
78.0,0.0669092983007431,132.76483154296875
79.0,0.08682482689619064,134.8804473876953
80.0,0.05866629630327225,135.14923095703125
81.0,0.05452946573495865,137.74366760253906
82.0,0.054910071194171906,140.16290283203125
83.0,0.05604647472500801,141.2682342529297
84.0,0.05161966755986214,143.00564575195312
85.0,0.064307801425457,145.4647216796875
86.0,0.04948212951421738,145.794189453125
87.0,0.04962257295846939,147.5409698486328
88.0,0.04892421513795853,148.54684448242188
89.0,0.05119674280285835,149.4134979248047
90.0,0.048229992389678955,149.7521514892578
91.0,0.0590321309864521,151.65188598632812
92.0,0.0461185984313488,151.95143127441406
93.0,0.05224333330988884,152.7616729736328
94.0,0.04545405134558678,153.08619689941406
95.0,0.056221939623355865,154.19265747070312
96.0,0.0446854904294014,154.52719116210938
97.0,0.04498330131173134,156.89930725097656
98.0,0.045177482068538666,157.6599884033203
99.0,0.04522552341222763,158.5708770751953
100.0,0.04136611521244049,161.62318420410156
101.0,0.04522976651787758,162.8032989501953
102.0,0.040188439190387726,164.05099487304688
103.0,0.052889298647642136,164.75460815429688
104.0,0.03971325606107712,165.03712463378906
105.0,0.038312528282403946,169.22775268554688
106.0,0.03913494572043419,170.9649658203125
107.0,0.03809160739183426,171.70359802246094
108.0,0.03846636041998863,172.2786102294922
109.0,0.03788895905017853,172.88333129882812
110.0,0.03795072063803673,173.5286102294922
111.0,0.03737355396151543,173.9346160888672
112.0,0.0373765304684639,174.7571258544922
113.0,0.03668982535600662,175.36837768554688
114.0,0.03567615896463394,177.0518035888672
115.0,0.034608881920576096,178.4052276611328
116.0,0.03794359415769577,179.8670654296875
117.0,0.04230179637670517,181.34768676757812
118.0,0.03329852595925331,181.65928649902344
119.0,0.04125048592686653,182.47801208496094
120.0,0.03293779119849205,182.8355712890625
121.0,0.0329737588763237,186.0424041748047
122.0,0.03141175955533981,188.25022888183594
123.0,0.03833828493952751,189.07264709472656
124.0,0.030417531728744507,189.37840270996094
125.0,0.034684695303440094,190.65643310546875
126.0,0.029900437220931053,191.0762176513672
127.0,0.03373134136199951,192.11322021484375
128.0,0.029790624976158142,192.6421661376953
129.0,0.03353778272867203,193.24375915527344
130.0,0.02954987809062004,193.66342163085938
131.0,0.031284987926483154,195.39944458007812
132.0,0.02902197279036045,195.8397979736328
133.0,0.029514485970139503,198.1963348388672
134.0,0.03822460025548935,199.602783203125
135.0,0.02813851833343506,199.8762664794922
136.0,0.026976341381669044,202.16061401367188
137.0,0.029843896627426147,202.67483520507812
138.0,0.026613468304276466,203.15476989746094
139.0,0.0349334254860878,203.99661254882812
140.0,0.026235882192850113,204.2355194091797
141.0,0.02866901457309723,205.77304077148438
142.0,0.02569822408258915,206.48060607910156
143.0,0.02574627473950386,209.9313201904297
144.0,0.032457735389471054,212.50303649902344
145.0,0.02433604560792446,212.86776733398438
146.0,0.03174387663602829,213.6860809326172
147.0,0.023989424109458923,214.00692749023438
148.0,0.023538008332252502,217.41305541992188
149.0,0.031661223620176315,218.92333984375
150.0,0.023031190037727356,219.1571807861328
151.0,0.02294721081852913,221.96202087402344
152.0,0.02607402577996254,223.40000915527344
153.0,0.021443292498588562,223.8321990966797
154.0,0.023233765736222267,225.90370178222656
155.0,0.021542225033044815,230.4126739501953
156.0,0.02067182958126068,230.87548828125
157.0,0.020431596785783768,232.90493774414062
158.0,0.02053932659327984,233.47476196289062
159.0,0.02028764970600605,233.845458984375
160.0,0.020254969596862793,234.56336975097656
161.0,0.02004990726709366,235.23948669433594
162.0,0.019562100991606712,236.60787963867188
163.0,0.01993389055132866,237.50799560546875
164.0,0.018841389566659927,238.48056030273438
165.0,0.020096585154533386,239.34530639648438
166.0,0.0186256505548954,240.1796417236328
167.0,0.02434232458472252,241.6541748046875
168.0,0.018157418817281723,241.9341278076172
169.0,0.018686985597014427,243.91854858398438
170.0,0.01853114366531372,244.82608032226562
171.0,0.017530914396047592,246.87786865234375
172.0,0.018160102888941765,248.48440551757812
173.0,0.023274820297956467,249.26620483398438
174.0,0.01734476163983345,249.65684509277344
175.0,0.018477672711014748,250.17559814453125
176.0,0.016967808827757835,250.65403747558594
177.0,0.017863349989056587,251.66102600097656
178.0,0.01671026647090912,252.0390625
179.0,0.020959939807653427,253.6565704345703
180.0,0.016292624175548553,253.9170684814453
181.0,0.020641932263970375,254.7369842529297
182.0,0.016086939722299576,255.04920959472656
183.0,0.016362939029932022,257.2007141113281
184.0,0.016037482768297195,257.97021484375
185.0,0.017566896975040436,260.8574523925781
186.0,0.015099048614501953,261.17462158203125
187.0,0.0176200233399868,262.27691650390625
188.0,0.014766913838684559,262.7636413574219
189.0,0.014808585867285728,265.73651123046875
190.0,0.014195824973285198,267.4211730957031
191.0,0.01409331988543272,271.4288330078125
192.0,0.014348363503813744,272.51214599609375
193.0,0.013718110509216785,273.7071533203125
194.0,0.018060164526104927,274.79022216796875
195.0,0.028847143054008484,277.33819580078125
196.0,0.01571846380829811,277.4762878417969
197.0,0.013005916960537434,277.833740234375
198.0,0.014907224103808403,278.58612060546875
199.0,0.012762988917529583,278.8753967285156
200.0,0.013103486970067024,280.8505859375
201.0,0.012812448665499687,282.8477478027344
202.0,0.012946109287440777,283.4189147949219
203.0,0.012638936750590801,284.1784362792969
204.0,0.012238545343279839,285.4189758300781
205.0,0.013475383631885052,286.91607666015625
206.0,0.011812752112746239,287.2778625488281
207.0,0.013300026766955853,287.6584777832031
208.0,0.011723211035132408,288.2242736816406
209.0,0.012139776721596718,289.5266418457031
210.0,0.012170477770268917,290.6364440917969
211.0,0.01589837670326233,293.114501953125
212.0,0.01160791702568531,293.2890319824219
213.0,0.011990886181592941,294.11529541015625
214.0,0.011433152481913567,294.45928955078125
215.0,0.013220300897955894,295.50848388671875
216.0,0.01095720287412405,296.0042419433594
217.0,0.012455612421035767,297.5631103515625
218.0,0.01075301505625248,298.0318908691406
219.0,0.012774774804711342,299.0577392578125
220.0,0.010575615800917149,299.4713134765625
221.0,0.012106514535844326,300.921630859375
222.0,0.010435258969664574,301.14642333984375
223.0,0.010459603741765022,303.373291015625
224.0,0.010370149277150631,304.59814453125
225.0,0.01415146142244339,305.7433166503906
226.0,0.010185981169342995,305.96722412109375
227.0,0.01346349436789751,306.7739562988281
228.0,0.01002812571823597,307.127197265625
229.0,0.010887812823057175,307.68975830078125
230.0,0.009905658662319183,308.1524963378906
231.0,0.010368729010224342,309.8879699707031
232.0,0.009559613652527332,311.4205322265625
233.0,0.009190383367240429,315.3749694824219
234.0,0.009187904186546803,318.0408630371094
235.0,0.011688584461808205,318.68536376953125
236.0,0.009042765945196152,319.0823669433594
237.0,0.00956563837826252,319.5783386230469
238.0,0.008968719281256199,320.09136962890625
239.0,0.010951234959065914,320.9560241699219
240.0,0.008823259733617306,321.4034729003906
241.0,0.009611902758479118,322.05267333984375
242.0,0.008725771680474281,322.5295104980469
243.0,0.009471412748098373,323.1531066894531
244.0,0.008657993748784065,323.6628112792969
245.0,0.009023323655128479,325.3223571777344
246.0,0.009326951578259468,327.00189208984375
247.0,0.014246630482375622,327.8072509765625
248.0,0.008997627533972263,328.02679443359375
249.0,0.008998238481581211,328.8226013183594
250.0,0.008404819294810295,329.7149353027344
251.0,0.008921400643885136,330.08746337890625
252.0,0.008293790742754936,330.67047119140625
253.0,0.00859750434756279,331.9921569824219
254.0,0.008039051666855812,332.4560241699219
255.0,0.008516929112374783,333.00518798828125
256.0,0.007965818047523499,333.5739440917969
257.0,0.009885701350867748,335.5578918457031
258.0,0.007725468836724758,335.785888671875
259.0,0.00955009926110506,336.650634765625
260.0,0.007638952694833279,336.958984375
261.0,0.009306949563324451,337.4862365722656
262.0,0.007598946336656809,337.8501892089844
263.0,0.007864335551857948,340.0602722167969
264.0,0.007370784878730774,341.2265930175781
265.0,0.008379622362554073,341.6700439453125
266.0,0.007299675140529871,342.2416076660156
267.0,0.008150122128427029,343.1226501464844
268.0,0.007225015666335821,343.4212646484375
269.0,0.007436842657625675,345.7349548339844
270.0,0.0072707743383944035,346.2259826660156
271.0,0.009539121761918068,347.4992370605469
272.0,0.0070818648673594,347.7835998535156
273.0,0.00736925657838583,348.7280578613281
274.0,0.007012778427451849,349.047607421875
275.0,0.0072226570919156075,350.2692565917969
276.0,0.006843219045549631,351.4101867675781
277.0,0.007013591937720776,352.861572265625
278.0,0.006628846284002066,354.39080810546875
279.0,0.006757274270057678,356.1805419921875
280.0,0.00668633496388793,356.6949768066406
281.0,0.006657744292169809,357.4896545410156
282.0,0.006937840487807989,359.7835388183594
283.0,0.006259894464164972,361.88458251953125
284.0,0.006286771036684513,363.4755554199219
285.0,0.008112738840281963,364.75445556640625
286.0,0.006144887767732143,365.0064392089844
287.0,0.0059384130872786045,368.09466552734375
288.0,0.006258538458496332,368.91754150390625
289.0,0.005855347495526075,369.3686828613281
290.0,0.005804313346743584,371.044677734375
291.0,0.005933892913162708,372.16357421875
292.0,0.005792524199932814,374.0748291015625
293.0,0.006703054066747427,375.9952087402344
294.0,0.005659653339534998,376.34588623046875
295.0,0.006504993885755539,377.3175048828125
296.0,0.005537987686693668,377.5436096191406
297.0,0.0059456853196024895,378.19622802734375
298.0,0.005739046726375818,379.3027038574219
299.0,0.005775826051831245,379.6556701660156
300.0,0.00560404546558857,380.2731018066406
301.0,0.005605420097708702,380.6221923828125
302.0,0.005536840297281742,381.149658203125
303.0,0.005502539686858654,382.0052490234375
304.0,0.0054575009271502495,382.3038330078125
305.0,0.005399910733103752,382.7379455566406
306.0,0.005398706533014774,383.3779602050781
307.0,0.005271976348012686,384.7267150878906
308.0,0.007320751901715994,385.4454650878906
309.0,0.009903875179588795,388.3692321777344
310.0,0.005710666999220848,388.509033203125
311.0,0.009546156041324139,389.013916015625
312.0,0.005595749244093895,389.211669921875
313.0,0.004892104770988226,389.7444152832031
314.0,0.0054900264367461205,390.5926513671875
315.0,0.004833026323467493,391.2152404785156
316.0,0.005620018113404512,392.263671875
317.0,0.004755106754601002,392.73370361328125
318.0,0.005566365085542202,393.1716003417969
319.0,0.004718313924968243,394.1214294433594
320.0,0.004562181420624256,397.92010498046875
321.0,0.00535192433744669,398.59832763671875
322.0,0.004511489532887936,398.9839782714844
323.0,0.0052248286083340645,399.65966796875
324.0,0.004479707684367895,400.0998840332031
325.0,0.005028826184570789,401.5512390136719
326.0,0.004419765900820494,401.789306640625
327.0,0.004835020750761032,402.96099853515625
328.0,0.004395483061671257,403.6764221191406
329.0,0.004305831156671047,406.4392395019531
330.0,0.004860919900238514,407.4455871582031
331.0,0.004242373630404472,407.73345947265625
332.0,0.004701769910752773,409.071044921875
333.0,0.005354162305593491,411.4734802246094
334.0,0.004145304672420025,411.7112121582031
335.0,0.005234628450125456,412.1718444824219
336.0,0.004105964209884405,412.6091003417969
337.0,0.0042123510502278805,413.6951599121094
338.0,0.004110792186111212,414.56658935546875
339.0,0.0039216759614646435,416.47076416015625
340.0,0.004080904647707939,417.8747863769531
341.0,0.003974176477640867,418.3957214355469
342.0,0.003835511626675725,420.1994934082031
343.0,0.004556409083306789,421.1036376953125
344.0,0.003776646452024579,421.6073913574219
345.0,0.0038132432382553816,424.1138610839844
346.0,0.003842094913125038,425.3548583984375
347.0,0.003729004878550768,426.46527099609375
348.0,0.0036604739725589752,429.96783447265625
349.0,0.003661658149212599,430.4997863769531
350.0,0.003451818134635687,432.9755554199219
351.0,0.004033937584608793,434.0560607910156
352.0,0.0034079893957823515,434.3367919921875
353.0,0.0033840802498161793,436.6226806640625
354.0,0.003347852500155568,439.04205322265625
355.0,0.0033084142487496138,440.005615234375
356.0,0.0034013285767287016,441.4437255859375
357.0,0.0032624821178615093,442.04742431640625
358.0,0.0033752743620425463,442.36712646484375
359.0,0.00312688946723938,444.641357421875
360.0,0.003170046489685774,446.8998718261719
361.0,0.003393249586224556,449.0685119628906
362.0,0.003009557258337736,449.39141845703125
363.0,0.003336333204060793,450.18560791015625
364.0,0.002982554491609335,450.54534912109375
365.0,0.0030676014721393585,452.4718322753906
366.0,0.003015343565493822,452.9989929199219
367.0,0.003045736812055111,453.3022155761719
368.0,0.0029742890037596226,454.19244384765625
369.0,0.002983634127303958,455.3482666015625
370.0,0.0029054596088826656,456.4906311035156
371.0,0.0027601365000009537,459.3841247558594
372.0,0.0027112080715596676,462.40179443359375
373.0,0.003037099726498127,463.6371765136719
374.0,0.002676886972039938,463.8851623535156
375.0,0.0029854942113161087,464.8205871582031
376.0,0.0026494150515645742,465.1070251464844
377.0,0.0027094113174825907,467.5948486328125
378.0,0.0026693129912018776,468.73480224609375
379.0,0.0026892798487097025,469.0536193847656
380.0,0.00264240731485188,469.8080139160156
381.0,0.0025038584135472775,472.49359130859375
382.0,0.0026134615764021873,474.19464111328125
383.0,0.0024890226777642965,475.08563232421875
384.0,0.0024926718324422836,476.3547668457031
385.0,0.00284346635453403,477.6057434082031
386.0,0.0024279688950628042,477.86785888671875
387.0,0.0024831793271005154,479.54486083984375
388.0,0.0024233772419393063,481.0260925292969
389.0,0.0031928978860378265,481.4541015625
390.0,0.0024132595863193274,481.7964172363281
391.0,0.002448687329888344,482.162353515625
392.0,0.0023771687410771847,483.0083923339844
393.0,0.0023664741311222315,484.52880859375
394.0,0.0023457547649741173,485.3668212890625
395.0,0.002234542276710272,487.6153869628906
396.0,0.0022206115536391735,489.5648498535156
397.0,0.0022294584196060896,491.5722961425781
398.0,0.002221445320174098,492.0638732910156
399.0,0.0021932991221547127,493.1089172363281
400.0,0.002171683358028531,494.0252380371094
401.0,0.0022348854690790176,494.3147277832031
402.0,0.002149320673197508,495.0851745605469
403.0,0.0026909983716905117,495.7984619140625
404.0,0.0021159674506634474,496.2076721191406
405.0,0.00239564199000597,498.0590515136719
406.0,0.0020460302475839853,498.2951965332031
407.0,0.002364668995141983,498.6932067871094
408.0,0.002034740522503853,499.170166015625
409.0,0.002015728736296296,502.1894226074219
410.0,0.0020673968829214573,502.7369079589844
411.0,0.0019994862377643585,503.3648681640625
412.0,0.00205045728944242,503.67138671875
413.0,0.0019848986994475126,504.25384521484375
414.0,0.0020714153070002794,506.4017028808594
415.0,0.001903944881632924,507.12835693359375
416.0,0.002049862639978528,507.50439453125
417.0,0.0018882410367950797,508.09588623046875
418.0,0.002015919890254736,508.58099365234375
419.0,0.001922398223541677,512.2943115234375
420.0,0.0018429721239954233,512.6442260742188
421.0,0.0019009001553058624,513.3575439453125
422.0,0.0018244851380586624,513.7421264648438
423.0,0.0018650187412276864,515.0977172851562
424.0,0.001796625554561615,515.782470703125
425.0,0.001849388936534524,516.5010986328125
426.0,0.0017814316088333726,516.82373046875
427.0,0.002193277236074209,517.5792846679688
428.0,0.0017511863261461258,517.9428100585938
429.0,0.0017680444288998842,520.6746215820312
430.0,0.0018824292346835136,521.7594604492188
431.0,0.002601779066026211,522.3157958984375
432.0,0.0018325643613934517,522.6624145507812
433.0,0.0017067830776795745,523.9616088867188
434.0,0.0017148673068732023,525.6261596679688
435.0,0.0016945612151175737,526.00732421875
436.0,0.0016927088145166636,526.8143310546875
437.0,0.001605257042683661,529.1046142578125
438.0,0.0016138894716277719,530.3115234375
439.0,0.0017484348500147462,532.638671875
440.0,0.0015472903614863753,532.9374389648438
441.0,0.0015212270664051175,535.9796752929688
442.0,0.0015053347451612353,537.1492919921875
443.0,0.001479054568335414,539.5537109375
444.0,0.00152199889998883,540.3350830078125
445.0,0.0014695758000016212,541.4520263671875
446.0,0.0014602133305743337,543.6077270507812
447.0,0.0017017882782965899,545.7634887695312
448.0,0.0013982616364955902,546.0097045898438
449.0,0.001504845218732953,546.4407348632812
450.0,0.0013887460809201002,546.98828125
451.0,0.0013920182827860117,547.6737060546875
452.0,0.0014253052650019526,550.1270751953125
453.0,0.001773016294464469,552.4581298828125
454.0,0.0013606019783765078,552.6516723632812
455.0,0.0017011857125908136,554.0452880859375
456.0,0.0013303188607096672,554.2933959960938
457.0,0.0013149695005267859,555.2005004882812
458.0,0.0013506322866305709,556.7474365234375
459.0,0.001296339905820787,557.240234375
460.0,0.0013035156298428774,560.2796630859375
461.0,0.0012831607600674033,560.7479248046875
462.0,0.0012253965251147747,563.8792724609375
463.0,0.0012110637035220861,566.2160034179688
464.0,0.0011904486455023289,567.4077758789062
465.0,0.0012504116166383028,568.4482421875
466.0,0.0011784114176407456,568.7453002929688
467.0,0.0012066417839378119,570.4754028320312
468.0,0.0011696543078869581,571.0117797851562
469.0,0.0014941487461328506,571.6348266601562
470.0,0.0011577506083995104,571.9880981445312
471.0,0.0013772754464298487,573.7117919921875
472.0,0.0011216152925044298,573.93701171875
473.0,0.0013559486251324415,574.469970703125
474.0,0.0011140818241983652,574.87646484375
475.0,0.0013449116377159953,575.1986083984375
476.0,0.00110772461630404,575.6392211914062
477.0,0.0013100325595587492,576.2437744140625
478.0,0.0011015484342351556,576.6967163085938
479.0,0.0010624550050124526,579.9039916992188
480.0,0.0011250012321397662,580.9683227539062
481.0,0.0010810960084199905,581.3589477539062
482.0,0.0010331834200769663,583.6969604492188
483.0,0.0010161554673686624,586.6627807617188
484.0,0.0010111151495948434,587.8092041015625
485.0,0.001055482542142272,588.79736328125
486.0,0.0010017313761636615,590.56298828125
487.0,0.0010117227211594582,591.28759765625
488.0,0.0009941712487488985,591.5708618164062
489.0,0.0012027312768623233,593.4794311523438
490.0,0.0009571844711899757,593.6724243164062
491.0,0.0009429109049960971,595.6822509765625
492.0,0.0009427530458196998,598.81005859375
493.0,0.0011765423696488142,599.4051513671875
494.0,0.0009307253058068454,599.8385620117188
495.0,0.0009858596604317427,602.1723022460938
496.0,0.0008893286576494575,602.4823608398438
497.0,0.0009803653229027987,602.7911987304688
498.0,0.000882676977198571,603.4259643554688
499.0,0.0008834606851451099,605.0574340820312
500.0,0.0008697157609276474,606.99609375
501.0,0.0009462242014706135,607.9804077148438
502.0,0.0008562795119360089,608.7377319335938
503.0,0.0008486064034514129,611.8765258789062
504.0,0.0008307764073833823,613.6713256835938
505.0,0.0008455537026748061,616.4247436523438
506.0,0.0008243232150562108,617.6029052734375
507.0,0.0009598898468539119,619.115234375
508.0,0.0007967079873196781,619.3716430664062
509.0,0.0008050010656006634,621.6915283203125
510.0,0.0007861813646741211,622.1676025390625
511.0,0.0007895900635048747,622.749755859375
512.0,0.0007752855308353901,625.1096801757812
513.0,0.0008551400387659669,627.0848999023438
514.0,0.0007415692089125514,627.4148559570312
515.0,0.000841340865008533,627.9010620117188
516.0,0.0007319605210795999,628.4735717773438
517.0,0.000822662201244384,629.4926147460938
518.0,0.0007218180107884109,629.7777099609375
519.0,0.000772401224821806,631.1436767578125
520.0,0.0006970464601181448,633.506591796875
521.0,0.0007787730428390205,633.8262939453125
522.0,0.0006919617881067097,634.4640502929688
523.0,0.0007828588713891804,635.035888671875
524.0,0.0006876691477373242,635.5599975585938
525.0,0.0007533294265158474,636.8524780273438
526.0,0.0006775351939722896,637.1694946289062
527.0,0.000775185355450958,637.73779296875
528.0,0.0006735581555403769,638.2215576171875
529.0,0.0006693428149446845,641.0511474609375
530.0,0.0006453244714066386,643.7559204101562
531.0,0.0007019301992841065,644.8575439453125
532.0,0.0006288783624768257,647.1671142578125
533.0,0.0006564611685462296,648.4141235351562
534.0,0.0006223059608601034,650.8903198242188
535.0,0.0006192406872287393,652.5391235351562
536.0,0.0006250540027394891,653.1883544921875
537.0,0.0006040862062945962,654.384033203125
538.0,0.0006245875265449286,654.9317016601562
539.0,0.0006010222714394331,656.47265625
540.0,0.0007385070202872157,657.0858764648438
541.0,0.0008735413430258632,659.0586547851562
542.0,0.0006079304730519652,659.2392578125
543.0,0.0005662246840074658,661.1607666015625
544.0,0.0005623588804155588,662.2379150390625
545.0,0.0005987476324662566,662.6746826171875
546.0,0.0005586483748629689,663.3348999023438
547.0,0.000585355912335217,664.32470703125
548.0,0.0005538163823075593,664.5928344726562
549.0,0.0005766482790932059,665.6609497070312
550.0,0.0005489379400387406,665.9112548828125
551.0,0.00056410429533571,666.7882690429688
552.0,0.0005504292785190046,668.8466796875
553.0,0.0007011182606220245,669.3367919921875
554.0,0.0005380181246437132,669.7012329101562
555.0,0.0005236089928075671,672.4984130859375
556.0,0.000531113357283175,673.07958984375
557.0,0.0005198059370741248,673.565673828125
558.0,0.0004981394740752876,676.0588989257812
559.0,0.0005179051076993346,676.728271484375
560.0,0.0005045539001002908,677.8192749023438
561.0,0.0005093110376037657,678.4420166015625
562.0,0.0005021031247451901,680.8296508789062
563.0,0.0004863856011070311,681.8018798828125
564.0,0.0004791751562152058,682.4935302734375
565.0,0.0005593349342234433,683.0050048828125
566.0,0.0004762789758387953,683.6031494140625
567.0,0.00047341681784018874,686.5079956054688
568.0,0.0004757493152283132,686.9593505859375
569.0,0.00047105978592298925,687.237060546875
570.0,0.00047022555372677743,688.1239013671875
571.0,0.0004675202944781631,688.4072875976562
572.0,0.0004636732046492398,689.4581909179688
573.0,0.00045582192251458764,690.5321044921875
574.0,0.00044805725337937474,692.9263916015625
575.0,0.0004381284525152296,693.3189086914062
576.0,0.00042511377250775695,697.4865112304688
577.0,0.0004174740461166948,699.6146850585938
578.0,0.0004117541539017111,700.7715454101562
579.0,0.00045369385043159127,701.1810913085938
580.0,0.0004084125976078212,701.9179077148438
581.0,0.00044873706065118313,702.2684936523438
582.0,0.0004061244835611433,702.9202880859375
583.0,0.0004129782901145518,705.3568115234375
584.0,0.00039199963794089854,707.698974609375
585.0,0.0004478358314372599,708.2852783203125
586.0,0.00038870153366588056,708.9077758789062
587.0,0.00042559090070426464,710.35986328125
588.0,0.0003818573313765228,710.616943359375
589.0,0.0004289942735340446,711.1705322265625
590.0,0.0003799376718234271,711.702392578125
591.0,0.00041286073974333704,712.292236328125
592.0,0.0003776384983211756,713.0582885742188
593.0,0.00039472064236178994,713.9689331054688
594.0,0.0003700263041537255,716.1705932617188
595.0,0.0003754275676328689,718.1621704101562
596.0,0.00036003353307023644,719.3557739257812
597.0,0.00041629522456787527,720.0643920898438
598.0,0.00035744186607189476,720.6520385742188
599.0,0.00040841737063601613,721.3363647460938
600.0,0.00035459446371532977,721.9611206054688
601.0,0.00036848935997113585,722.3418579101562
602.0,0.00036241216002963483,723.8123779296875
603.0,0.0003543835773598403,725.6172485351562
604.0,0.0003555318107828498,727.6415405273438
605.0,0.00035011611180379987,727.951171875
606.0,0.0003508570953272283,728.8551635742188
607.0,0.00034263086854480207,729.9666748046875
608.0,0.0003479067818261683,730.253662109375
609.0,0.0003407720068935305,730.6951293945312
610.0,0.00032565061701461673,733.1323852539062
611.0,0.00031784435850568116,736.3592529296875
612.0,0.0003325101570226252,737.1718139648438
613.0,0.0003099115565419197,740.24267578125
614.0,0.00031523482175543904,740.9052734375
615.0,0.0003024855977855623,742.3248291015625
616.0,0.00030149612575769424,745.5302124023438
617.0,0.00030106742633506656,745.83056640625
618.0,0.00029795285081490874,746.7244873046875
619.0,0.00029746946529485285,747.2122802734375
620.0,0.0002824063412845135,750.2681274414062
621.0,0.0002843956754077226,752.7050170898438
622.0,0.0002892313932534307,753.2587280273438
623.0,0.00035656336694955826,754.991455078125
624.0,0.0002781695802696049,755.2073974609375
625.0,0.000343218824127689,755.6815795898438
626.0,0.000274853955488652,756.1492309570312
627.0,0.0002795613254420459,756.4205322265625
628.0,0.0002723316429182887,757.1910400390625
629.0,0.0003167242102790624,759.1699829101562
630.0,0.00026348864776082337,759.3784790039062
631.0,0.0002755182213149965,760.1388549804688
632.0,0.0002557048574090004,762.6787719726562
633.0,0.0002559188869781792,763.4588012695312
634.0,0.00024817546363919973,766.2284545898438
635.0,0.0002972270594909787,766.7000122070312
636.0,0.0002465290017426014,767.1524658203125
637.0,0.0002640944148879498,767.48193359375
638.0,0.00024500282597728074,768.20751953125
639.0,0.0002383276296313852,771.26220703125
640.0,0.0002527103351894766,771.9232177734375
641.0,0.00023104145657271147,774.3583984375
642.0,0.00025106227258220315,775.5942993164062
643.0,0.00022985402029007673,775.8279418945312
644.0,0.0002429018495604396,777.4427490234375
645.0,0.00029702260508202016,778.3178100585938
646.0,0.0002312428259756416,778.6875
647.0,0.00021988441585563123,781.02978515625
648.0,0.00021856518287677318,783.0216674804688
649.0,0.00023767891980241984,785.3334350585938
650.0,0.00021297545754350722,785.553466796875
651.0,0.00021424796432256699,787.4856567382812
652.0,0.00021346092398744076,788.0231323242188
653.0,0.0002585439942777157,790.1980590820312
654.0,0.00020629176287911832,790.3843383789062
655.0,0.0001986572751775384,793.7696533203125
656.0,0.0001976227358682081,795.71337890625
657.0,0.00022547067783307284,797.037353515625
658.0,0.00019371710368432105,797.3139038085938
659.0,0.00021665648091584444,797.8051147460938
660.0,0.000191922634257935,798.488037109375
661.0,0.0002085038722725585,800.2949829101562
662.0,0.0001892067230073735,800.5057983398438
663.0,0.00018724027904681861,802.7584838867188
664.0,0.00018914170505013317,803.50732421875
665.0,0.00018891444779001176,805.5479736328125
666.0,0.00018347232253290713,806.062744140625
667.0,0.00021300232037901878,806.8098754882812
668.0,0.0001798658340703696,807.40771484375
669.0,0.00018622062634676695,809.4354248046875
670.0,0.00017863644461613148,809.91455078125
671.0,0.0002239605673821643,810.1952514648438
672.0,0.00017713080160319805,810.6251220703125
673.0,0.0001758393773343414,811.4844970703125
674.0,0.00018125996575690806,813.4496459960938
675.0,0.00020918222435284406,814.1642456054688
676.0,0.0001714203244773671,814.6657104492188
677.0,0.0001959574146894738,816.076416015625
678.0,0.0001671715290285647,816.3443603515625
679.0,0.00016875778965186328,818.2288208007812
680.0,0.0001659746194491163,818.9832763671875
681.0,0.00016630921163596213,820.8944091796875
682.0,0.00016840393072925508,821.5540161132812
683.0,0.00016450717521365732,822.1552734375
684.0,0.00016130202857311815,823.7846069335938
685.0,0.00016379391308873892,824.1190185546875
686.0,0.00015928414359223098,825.1024780273438
687.0,0.00016279119881801307,825.3213500976562
688.0,0.00015745562268421054,826.3336791992188
689.0,0.0001511769078206271,829.350341796875
690.0,0.00016146624693647027,830.081298828125
691.0,0.00015071427333168685,830.4706420898438
692.0,0.00015201562200672925,832.3850708007812
693.0,0.00015043017629068345,832.6959838867188
694.0,0.00015050600632093847,833.5906982421875
695.0,0.00014743304927833378,835.0103759765625
696.0,0.0001448808761779219,837.0089721679688
697.0,0.00014864071272313595,838.0775756835938
698.0,0.00014356538304127753,838.3137817382812
699.0,0.00014631333760917187,839.2293090820312
700.0,0.0001423444045940414,839.5552978515625
701.0,0.00014437746722251177,840.463134765625
702.0,0.0001547553256386891,843.0878295898438
703.0,0.00019156128109898418,843.5126953125
704.0,0.00014448750880546868,843.9395141601562
705.0,0.00013696079258807003,844.270751953125
706.0,0.00014064513379707932,845.3474731445312
707.0,0.0001339796290267259,846.404052734375
708.0,0.00013463235518429428,847.0991821289062
709.0,0.00014771665155421942,848.7315063476562
710.0,0.00013132518506608903,848.9635009765625
711.0,0.00013776449486613274,850.5767822265625
712.0,0.000129301828565076,850.8446655273438
713.0,0.0001478710473747924,851.36376953125
714.0,0.00012859443086199462,852.0068969726562
715.0,0.00013894437870476395,852.354736328125
716.0,0.00012777172378264368,853.05224609375
717.0,0.00014530477346852422,853.4189453125
718.0,0.00012725572742056102,854.0828247070312
719.0,0.0001348010846413672,855.4840698242188
720.0,0.00012432743096724153,855.7920532226562
721.0,0.00014294903667178005,856.0472412109375
722.0,0.0001237316755577922,856.6298828125
723.0,0.00013127786223776639,858.4086303710938
724.0,0.00012110637180740014,858.675048828125
725.0,0.0001269966014660895,860.4114379882812
726.0,0.0001195431686937809,860.6353149414062
727.0,0.00012427101319190115,861.7359008789062
728.0,0.0001185166765935719,862.0045166015625
729.0,0.0001234912488143891,862.4413452148438
730.0,0.00011765981616917998,863.1763916015625
731.0,0.00013196378131397069,864.6453857421875
732.0,0.00011494757927721366,864.916748046875
733.0,0.00012676608457695693,866.3887939453125
734.0,0.00011320829798933119,866.67236328125
735.0,0.00011410125443944708,869.0341186523438
736.0,0.00011064246064051986,869.7794799804688
737.0,0.00011816461483249441,870.0932006835938
738.0,0.0001099970904760994,870.8966674804688
739.0,0.00010887566895689815,872.7642211914062
740.0,0.00010750469664344564,873.8944702148438
741.0,0.00011445473501225933,874.3024291992188
742.0,0.00010673197539290413,875.1785278320312
743.0,0.00011559933045646176,877.0751953125
744.0,0.00010420444596093148,877.3327026367188
745.0,0.00011712145351339132,877.6517333984375
746.0,0.0001033545340760611,878.366943359375
747.0,0.00011158597044413909,879.6770629882812
748.0,0.00010226306039839983,879.9647216796875
749.0,0.0001030870116665028,882.60400390625
750.0,0.0001002236022031866,883.2495727539062
751.0,0.00010182138066738844,885.820068359375
752.0,9.730221063364297e-05,886.4378662109375
753.0,0.00010624980495776981,887.8786010742188
754.0,9.60143661359325e-05,888.1539306640625
755.0,9.60186735028401e-05,891.2335815429688
756.0,9.406057506566867e-05,891.7445068359375
757.0,9.675243927631527e-05,892.99267578125
758.0,9.323578706244007e-05,893.2786254882812
759.0,9.268023131880909e-05,896.7651977539062
760.0,9.239335486199707e-05,897.258056640625
761.0,9.01826424524188e-05,898.6139526367188
762.0,8.805314428173006e-05,899.9551391601562
763.0,0.00010205416765529662,900.3578491210938
764.0,8.750012784730643e-05,900.9113159179688
765.0,9.57623342401348e-05,902.9974365234375
766.0,8.55323305586353e-05,903.2291870117188
767.0,9.161765774479136e-05,905.302001953125
768.0,8.409954170929268e-05,905.5111694335938
769.0,8.623718895250931e-05,906.5288696289062
770.0,8.283554780064151e-05,908.4105224609375
771.0,8.557254477636889e-05,908.768310546875
772.0,8.220963354688138e-05,909.7265014648438
773.0,8.405959670199081e-05,910.6870727539062
774.0,8.73420576681383e-05,913.4467163085938
775.0,7.839753379812464e-05,914.3618774414062
776.0,8.504420839017257e-05,914.8460083007812
777.0,8.018499647732824e-05,915.3668823242188
778.0,7.83481664257124e-05,916.9204711914062
779.0,7.904921949375421e-05,918.1447143554688
780.0,7.769890362396836e-05,918.4287109375
781.0,9.124625648837537e-05,920.1708984375
782.0,7.574682967970148e-05,920.39208984375
783.0,7.838796591386199e-05,920.7368774414062
784.0,7.513338641729206e-05,921.5432739257812
785.0,8.435444033239037e-05,923.08154296875
786.0,7.336690759984776e-05,923.3839111328125
787.0,8.102301217149943e-05,923.90673828125
788.0,7.259129051817581e-05,924.5919189453125
789.0,7.354177796514705e-05,925.9551391601562
790.0,7.080734940245748e-05,927.9343872070312
791.0,6.863981980131939e-05,932.0825805664062
792.0,6.919686711626127e-05,933.1846923828125
793.0,7.893821020843461e-05,933.6129150390625
794.0,6.787837628507987e-05,934.1668701171875
795.0,7.604269194416702e-05,934.6640625
796.0,6.756145012332126e-05,935.3027954101562
797.0,6.624720117542893e-05,938.2198486328125
798.0,6.845072493888438e-05,938.7128295898438
799.0,6.684561958536506e-05,939.39013671875
800.0,6.512639811262488e-05,941.376708984375
801.0,6.549296085722744e-05,941.9273071289062
802.0,6.477277202066034e-05,943.4453735351562
803.0,6.359678081935272e-05,944.8076782226562
804.0,6.305088027147576e-05,945.4142456054688
805.0,6.566082447534427e-05,947.0802612304688
806.0,6.136487354524434e-05,949.51513671875
807.0,7.457068568328395e-05,949.7932739257812
808.0,6.109786045271903e-05,950.2815551757812
809.0,6.592775753233582e-05,952.9359130859375
810.0,5.861594036105089e-05,953.1189575195312
811.0,6.398822006303817e-05,953.5217895507812
812.0,5.832468013977632e-05,954.3297119140625
813.0,6.334327918011695e-05,954.6907958984375
814.0,5.780972423963249e-05,955.5660400390625
815.0,5.655221320921555e-05,958.3560180664062
816.0,5.685420910594985e-05,959.0138549804688
817.0,6.521215982502326e-05,959.5499267578125
818.0,5.6584220146760345e-05,960.21875
819.0,5.669562960974872e-05,961.3035278320312
820.0,5.606243939837441e-05,963.3935546875
821.0,6.69989240122959e-05,963.8683471679688
822.0,5.5636824981775135e-05,964.4195556640625
823.0,6.635145837208256e-05,964.9655151367188
824.0,5.5247131967917085e-05,965.5676879882812
825.0,6.0558486438822e-05,967.14306640625
826.0,5.310113192535937e-05,967.3973388671875
827.0,5.5851491197245196e-05,968.4298706054688
828.0,5.2352108468767256e-05,971.0618896484375
829.0,5.290340050123632e-05,971.3363037109375
830.0,5.17352091264911e-05,972.3890380859375
831.0,5.1985018217237666e-05,973.406494140625
832.0,5.128157863509841e-05,973.6983642578125
833.0,5.1246250222902745e-05,974.63427734375
834.0,5.085259908810258e-05,974.9544677734375
835.0,5.100834459881298e-05,975.2557983398438
836.0,5.015100396121852e-05,976.4067993164062
837.0,4.943758904119022e-05,978.06494140625
838.0,5.042063276050612e-05,978.5689697265625
839.0,4.9803398724179715e-05,978.8765258789062
840.0,4.953997631673701e-05,979.8889770507812
841.0,4.832349804928526e-05,981.0230102539062
842.0,4.916053148917854e-05,981.3279418945312
843.0,4.861505294684321e-05,981.5518798828125
844.0,4.8326295654987916e-05,982.6653442382812
845.0,5.472050906973891e-05,984.8629760742188
846.0,4.6397071855608374e-05,985.07958984375
847.0,4.71267630928196e-05,986.4073486328125
848.0,4.5921038690721616e-05,986.6826171875
849.0,4.522244489635341e-05,988.843017578125
850.0,4.4957432692172006e-05,989.553955078125
851.0,4.6235054469434544e-05,990.7188110351562
852.0,4.429973705555312e-05,991.923583984375
853.0,4.435266964719631e-05,993.7297973632812
854.0,4.3413911043899134e-05,994.285400390625
855.0,4.4907072151545435e-05,995.5949096679688
856.0,4.287486808607355e-05,995.8215942382812
857.0,4.228873149259016e-05,998.0137939453125
858.0,4.268296834197827e-05,998.4981079101562
859.0,4.8737456381786615e-05,999.064208984375
860.0,4.1975523345172405e-05,999.7608032226562
861.0,4.246609751135111e-05,1001.43017578125
862.0,4.139297379879281e-05,1001.6522216796875
863.0,4.5551998482551426e-05,1003.7153930664062
864.0,3.9854894566815346e-05,1003.94482421875
865.0,4.143332989769988e-05,1005.4580688476562
866.0,3.949274105252698e-05,1005.7255249023438
867.0,4.0709310269448906e-05,1006.8970947265625
868.0,3.9037582610035315e-05,1007.170654296875
869.0,3.976697553298436e-05,1008.7822875976562
870.0,3.867221676046029e-05,1009.0176391601562
871.0,3.924029442714527e-05,1009.6715698242188
872.0,3.7769957998534665e-05,1011.548828125
873.0,3.753614146262407e-05,1013.9873657226562
874.0,3.774185461224988e-05,1014.56298828125
875.0,3.6399283999344334e-05,1016.0137329101562
876.0,3.703908441821113e-05,1016.6168212890625
877.0,4.0515646105632186e-05,1018.8306884765625
878.0,3.545402068994008e-05,1019.0236206054688
879.0,3.807502071140334e-05,1020.5620727539062
880.0,3.4760676498990506e-05,1020.80810546875
881.0,3.870971704600379e-05,1021.1629028320312
882.0,3.4649659937713295e-05,1021.9000244140625
883.0,3.376822860445827e-05,1025.74853515625
884.0,3.390901110833511e-05,1026.1531982421875
885.0,3.484280750853941e-05,1026.3990478515625
886.0,3.349555845488794e-05,1027.3902587890625
887.0,3.952029510401189e-05,1027.9517822265625
888.0,3.314740752102807e-05,1028.5296630859375
889.0,3.446220944169909e-05,1029.6318359375
890.0,3.282586840214208e-05,1029.9364013671875
891.0,3.599257252062671e-05,1031.88818359375
892.0,3.215342076146044e-05,1032.13720703125
893.0,3.183703665854409e-05,1035.483642578125
894.0,3.103819108218886e-05,1035.8348388671875
895.0,3.309595922473818e-05,1037.2371826171875
896.0,3.063528492930345e-05,1037.4901123046875
897.0,3.51209964719601e-05,1037.864990234375
898.0,3.045726043637842e-05,1038.4505615234375
899.0,3.4048040106426924e-05,1038.85107421875
900.0,3.0307131964946166e-05,1039.49267578125
901.0,3.2116699003381655e-05,1041.46923828125
902.0,2.971104913740419e-05,1041.707275390625
903.0,3.0030994821572676e-05,1042.78857421875
904.0,2.9867162083974108e-05,1044.913818359375
905.0,3.6184126656735316e-05,1045.5791015625
906.0,2.9581624403363094e-05,1046.1282958984375
907.0,3.5331024264451116e-05,1046.745849609375
908.0,2.9318927772692405e-05,1047.3223876953125
909.0,2.8860129532404244e-05,1049.3499755859375
910.0,2.8291178750805557e-05,1051.4927978515625
911.0,2.752157706709113e-05,1054.17041015625
912.0,2.7673388103721663e-05,1054.65869140625
913.0,2.7557925932342187e-05,1057.494384765625
914.0,2.685362778720446e-05,1057.8038330078125
915.0,2.7405802029534243e-05,1058.1368408203125
916.0,2.6508274459047243e-05,1059.2813720703125
917.0,2.610141564218793e-05,1061.3765869140625
918.0,2.6735546271083876e-05,1061.7598876953125
919.0,2.6219067876809277e-05,1062.205078125
920.0,2.5150806322926655e-05,1064.2144775390625
921.0,2.5640600142651238e-05,1065.594970703125
922.0,2.5980520149460062e-05,1068.404541015625
923.0,2.8139471396571025e-05,1071.517578125
924.0,2.3753242203383707e-05,1071.7552490234375
925.0,2.4209977709688246e-05,1073.3125
926.0,2.3525786673417315e-05,1073.523193359375
927.0,2.4089455109788105e-05,1073.9774169921875
928.0,2.268484422529582e-05,1076.5223388671875
929.0,2.3325792426476255e-05,1077.0806884765625
930.0,2.2766773327020928e-05,1078.6982421875
931.0,2.7804335331893526e-05,1079.1392822265625
932.0,2.261822191940155e-05,1079.6109619140625
933.0,2.758278787950985e-05,1079.8682861328125
934.0,2.2519996491610073e-05,1080.3653564453125
935.0,2.246934309368953e-05,1081.467041015625
936.0,2.2340635041473433e-05,1081.8253173828125
937.0,2.1829553588759154e-05,1083.58056640625
938.0,2.281321030750405e-05,1084.1165771484375
939.0,2.2249205358093604e-05,1086.6478271484375
940.0,2.1154188289074227e-05,1086.9781494140625
941.0,2.053646676358767e-05,1090.0625
942.0,2.1573643607553095e-05,1090.6815185546875
943.0,2.0535193471005186e-05,1090.8951416015625
944.0,2.096402386086993e-05,1092.5867919921875
945.0,2.063325882772915e-05,1093.218994140625
946.0,2.0046303689014167e-05,1095.1763916015625
947.0,2.0089539248147048e-05,1096.4136962890625
948.0,1.987761424970813e-05,1096.6551513671875
949.0,1.9726498067029752e-05,1098.3551025390625
950.0,1.9030494513572194e-05,1101.33251953125
951.0,2.0377472537802532e-05,1104.11474609375
952.0,1.8366070435149595e-05,1104.293212890625
953.0,1.9952496586483903e-05,1104.669189453125
954.0,1.82660405698698e-05,1105.49169921875
955.0,1.8090609955834225e-05,1107.5948486328125
956.0,1.805698593670968e-05,1108.3900146484375
957.0,1.9703129510162398e-05,1110.18701171875
958.0,1.7585156456334516e-05,1110.42919921875
959.0,1.9010241885553114e-05,1110.90869140625
960.0,1.7454758562962525e-05,1111.63525390625
961.0,1.7131565982708707e-05,1115.2481689453125
962.0,1.724389221635647e-05,1115.712158203125
963.0,1.6951347788562998e-05,1117.51708984375
964.0,1.6642346963635646e-05,1117.921875
965.0,1.6700872947694734e-05,1120.4478759765625
966.0,1.6290177882183343e-05,1121.08837890625
967.0,1.6153635442606173e-05,1123.748046875
968.0,1.6397778381360695e-05,1124.0709228515625
969.0,1.7072237824322656e-05,1124.80859375
970.0,1.5881181752774864e-05,1125.8609619140625
971.0,1.5380817785626277e-05,1127.7608642578125
972.0,1.57635713549098e-05,1128.771240234375
973.0,1.9393821276025847e-05,1129.0267333984375
974.0,1.5697081835241988e-05,1129.5103759765625
975.0,1.5884474123595282e-05,1129.793212890625
976.0,1.5433315638802014e-05,1130.898193359375
977.0,1.5714307664893568e-05,1131.1591796875
978.0,1.5164155229285825e-05,1132.4117431640625
979.0,1.5319237718358636e-05,1133.5775146484375
980.0,1.5012139556347392e-05,1133.8109130859375
981.0,1.4339837434818037e-05,1136.7589111328125
982.0,1.4276139154389966e-05,1138.665771484375
983.0,1.4301016562967561e-05,1138.9959716796875
984.0,1.4255184396461118e-05,1141.723876953125
985.0,1.3909362678532489e-05,1143.025146484375
986.0,1.3818447769153863e-05,1143.5048828125
987.0,1.3440318980428856e-05,1146.2313232421875
988.0,1.4040791938896291e-05,1147.0062255859375
989.0,1.3603598745248746e-05,1148.4232177734375
990.0,1.3335828043636866e-05,1150.2032470703125
991.0,1.3166888493287843e-05,1151.7613525390625
992.0,1.2906028132420033e-05,1154.905029296875
993.0,1.3113363820593804e-05,1155.370361328125
994.0,1.264939783141017e-05,1157.1510009765625
995.0,1.2845148376072757e-05,1157.8314208984375
996.0,1.2229305866640061e-05,1160.4317626953125
997.0,1.1745215488190297e-05,1164.1959228515625
998.0,1.2661116670642514e-05,1164.7220458984375
999.0,1.176578280137619e-05,1164.9013671875
1000.0,1.2223773410369176e-05,1166.7008056640625
